platform_name,application_date,total
Roblox,02/06/2025,2
Roblox,02/12/2025,1
Roblox,03/12/2025,1
Roblox,04/12/2025,199
Campfire,05/12/2025,14
Google Shopping,05/12/2025,98912
Habbo,05/12/2025,1
Hotel Hideaway,05/12/2025,7
Idealo,05/12/2025,29
LOVOO,05/12/2025,5
Pinterest,05/12/2025,99
Pornhub,05/12/2025,1
Roblox,05/12/2025,13
Shopify,05/12/2025,170
Vimeo,05/12/2025,7
XVideos,05/12/2025,2
eBay,05/12/2025,85
Roblox,06/08/2025,1
Roblox,06/11/2025,1
App Store,06/12/2025,2
Badoo,06/12/2025,9
BlaBlaCar,06/12/2025,12
Bumble,06/12/2025,4
Dailymotion,06/12/2025,2
Deliveroo Ireland,06/12/2025,1
Discord Netherlands B.V.,06/12/2025,7
ElitePartner,06/12/2025,2
Hotel Hideaway,06/12/2025,13
Idealo,06/12/2025,9
Kleinanzeigen,06/12/2025,4
LOVOO,06/12/2025,10
OLX,06/12/2025,2
OTTO Market,06/12/2025,1
Parship,06/12/2025,1
Pinterest,06/12/2025,125
Pornhub,06/12/2025,5
Roblox,06/12/2025,55
Shopify,06/12/2025,11
Snapchat,06/12/2025,18
Trustpilot,06/12/2025,60
Twitch,06/12/2025,1
Upwork,06/12/2025,25
Vinted UAB,06/12/2025,24
Wallapop,06/12/2025,9
Wizz,06/12/2025,1
Yubo,06/12/2025,1
happn,06/12/2025,4
Roblox,07/11/2025,1
Roblox,08/07/2025,1
Roblox,13/08/2025,1
Roblox,14/02/2025,1
Roblox,14/11/2025,2
Roblox,16/07/2025,1
Roblox,16/08/2025,1
Roblox,21/09/2024,1
Reddit,22/11/2025,18
Roblox,23/04/2025,1
Reddit,23/11/2025,2
Roblox,26/11/2025,1
Roblox,28/09/2024,1
Roblox,30/11/2024,1
